-- phpMyAdmin SQL Dump
-- version 4.7.4
-- https://www.phpmyadmin.net/
--
-- Počítač: 127.0.0.1
-- Vytvořeno: Pon 17. pro 2018, 22:25
-- Verze serveru: 10.1.29-MariaDB
-- Verze PHP: 7.2.0

SET SQL_MODE = "NO_AUTO_VALUE_ON_ZERO";
SET AUTOCOMMIT = 0;
START TRANSACTION;
SET time_zone = "+00:00";


/*!40101 SET @OLD_CHARACTER_SET_CLIENT=@@CHARACTER_SET_CLIENT */;
/*!40101 SET @OLD_CHARACTER_SET_RESULTS=@@CHARACTER_SET_RESULTS */;
/*!40101 SET @OLD_COLLATION_CONNECTION=@@COLLATION_CONNECTION */;
/*!40101 SET NAMES utf8mb4 */;

--
-- Databáze: `skolniukol`
--

-- --------------------------------------------------------

--
-- Struktura tabulky `su_ci_session`
--

CREATE TABLE `su_ci_session` (
  `id` varchar(40) COLLATE utf8_czech_ci NOT NULL,
  `ip_address` varchar(45) COLLATE utf8_czech_ci NOT NULL,
  `timestamp` int(10) UNSIGNED NOT NULL DEFAULT '0',
  `data` blob NOT NULL
) ENGINE=InnoDB DEFAULT CHARSET=utf8 COLLATE=utf8_czech_ci;

--
-- Vypisuji data pro tabulku `su_ci_session`
--

INSERT INTO `su_ci_session` (`id`, `ip_address`, `timestamp`, `data`) VALUES
('99ob569fkt3oc7ib356q4om8qvjepu8h', '::1', 1544520772, 0x5f5f63695f6c6173745f726567656e65726174657c693a313534343532303737323b),
('rnnr99889gntqb6td8gqh1j5sprk1dha', '::1', 1545061188, 0x5f5f63695f6c6173745f726567656e65726174657c693a313534353036313138383b),
('imvpkb1b53oocf88c02lk4c5cvvsjk9b', '::1', 1545061578, 0x5f5f63695f6c6173745f726567656e65726174657c693a313534353036313537383b6d6573736167657c733a34333a224e65737072c3a1766ec3a92075c5be69766174656c736bc3a9206a6dc3a96e6f206e65626f206865736c6f223b5f5f63695f766172737c613a313a7b733a373a226d657373616765223b733a333a226f6c64223b7d),
('pn6qq0va69fsb2cppift176d9lusojuo', '::1', 1545062099, 0x5f5f63695f6c6173745f726567656e65726174657c693a313534353036323039393b6d6573736167657c733a34333a224e65737072c3a1766ec3a92075c5be69766174656c736bc3a9206a6dc3a96e6f206e65626f206865736c6f223b5f5f63695f766172737c613a313a7b733a373a226d657373616765223b733a333a226f6c64223b7d),
('io790j5kma91onkrbbomi7r9cuisdcmd', '::1', 1545062412, 0x5f5f63695f6c6173745f726567656e65726174657c693a313534353036323431323b646174617c613a363a7b733a343a226e616d65223b4f3a31313a224f626a656374436c617373223a333a7b733a363a22737461747573223b733a31313a226861732d73756363657373223b733a353a2276616c7565223b733a373a22446f6d696e696b223b733a373a226d657373616765223b733a303a22223b7d733a373a227375726e616d65223b4f3a31313a224f626a656374436c617373223a333a7b733a363a22737461747573223b733a31313a226861732d73756363657373223b733a353a2276616c7565223b733a343a2252c3bd63223b733a373a226d657373616765223b733a303a22223b7d733a353a22656d61696c223b4f3a31313a224f626a656374436c617373223a333a7b733a363a22737461747573223b733a31313a226861732d73756363657373223b733a353a2276616c7565223b733a31383a224d6f6e646934343540676d61696c2e636f6d223b733a373a226d657373616765223b733a303a22223b7d733a383a22757365726e616d65223b4f3a31313a224f626a656374436c617373223a333a7b733a363a22737461747573223b733a31313a226861732d73756363657373223b733a353a2276616c7565223b733a383a224d6f6e6469343435223b733a373a226d657373616765223b733a303a22223b7d733a383a2270617373776f7264223b4f3a31313a224f626a656374436c617373223a333a7b733a363a22737461747573223b733a393a226861732d6572726f72223b733a353a2276616c7565223b733a303a22223b733a373a226d657373616765223b733a35363a22546865206865736c6f206669656c64206d757374206265206174206c656173742038206368617261637465727320696e206c656e6774682e223b7d733a373a22636f6e6669726d223b4f3a31313a224f626a656374436c617373223a333a7b733a363a22737461747573223b733a31313a226861732d73756363657373223b733a353a2276616c7565223b733a303a22223b733a373a226d657373616765223b733a303a22223b7d7d5f5f63695f766172737c613a313a7b733a343a2264617461223b733a333a226e6577223b7d),
('hnev4kascubqqilicdeaj4pp9ehstlnq', '::1', 1545062872, 0x5f5f63695f6c6173745f726567656e65726174657c693a313534353036323837323b646174617c613a363a7b733a343a226e616d65223b4f3a31313a224f626a656374436c617373223a333a7b733a363a22737461747573223b733a303a22223b733a353a2276616c7565223b733a303a22223b733a373a226d657373616765223b733a303a22223b7d733a373a227375726e616d65223b4f3a31313a224f626a656374436c617373223a333a7b733a363a22737461747573223b733a303a22223b733a353a2276616c7565223b733a303a22223b733a373a226d657373616765223b733a303a22223b7d733a353a22656d61696c223b4f3a31313a224f626a656374436c617373223a333a7b733a363a22737461747573223b733a303a22223b733a353a2276616c7565223b733a303a22223b733a373a226d657373616765223b733a303a22223b7d733a383a22757365726e616d65223b4f3a31313a224f626a656374436c617373223a333a7b733a363a22737461747573223b733a303a22223b733a353a2276616c7565223b733a303a22223b733a373a226d657373616765223b733a303a22223b7d733a383a2270617373776f7264223b4f3a31313a224f626a656374436c617373223a333a7b733a363a22737461747573223b733a303a22223b733a353a2276616c7565223b733a303a22223b733a373a226d657373616765223b733a303a22223b7d733a373a22636f6e6669726d223b4f3a31313a224f626a656374436c617373223a333a7b733a363a22737461747573223b733a303a22223b733a353a2276616c7565223b733a303a22223b733a373a226d657373616765223b733a303a22223b7d7d5f5f63695f766172737c613a313a7b733a343a2264617461223b733a333a226e6577223b7d),
('8543lqa2d5mkrfej7m2jlseei66kqp5d', '::1', 1545063222, 0x5f5f63695f6c6173745f726567656e65726174657c693a313534353036333232323b646174617c613a363a7b733a343a226e616d65223b4f3a31313a224f626a656374436c617373223a333a7b733a363a22737461747573223b733a303a22223b733a353a2276616c7565223b733a303a22223b733a373a226d657373616765223b733a303a22223b7d733a373a227375726e616d65223b4f3a31313a224f626a656374436c617373223a333a7b733a363a22737461747573223b733a303a22223b733a353a2276616c7565223b733a303a22223b733a373a226d657373616765223b733a303a22223b7d733a353a22656d61696c223b4f3a31313a224f626a656374436c617373223a333a7b733a363a22737461747573223b733a303a22223b733a353a2276616c7565223b733a303a22223b733a373a226d657373616765223b733a303a22223b7d733a383a22757365726e616d65223b4f3a31313a224f626a656374436c617373223a333a7b733a363a22737461747573223b733a303a22223b733a353a2276616c7565223b733a303a22223b733a373a226d657373616765223b733a303a22223b7d733a383a2270617373776f7264223b4f3a31313a224f626a656374436c617373223a333a7b733a363a22737461747573223b733a303a22223b733a353a2276616c7565223b733a303a22223b733a373a226d657373616765223b733a303a22223b7d733a373a22636f6e6669726d223b4f3a31313a224f626a656374436c617373223a333a7b733a363a22737461747573223b733a303a22223b733a353a2276616c7565223b733a303a22223b733a373a226d657373616765223b733a303a22223b7d7d5f5f63695f766172737c613a313a7b733a343a2264617461223b733a333a226e6577223b7d),
('gah0v39nj8mrt1op3gmmt1ljbumj2jrk', '::1', 1545063377, 0x5f5f63695f6c6173745f726567656e65726174657c693a313534353036333232323b646174617c613a363a7b733a343a226e616d65223b4f3a31313a224f626a656374436c617373223a333a7b733a363a22737461747573223b733a31313a226861732d73756363657373223b733a353a2276616c7565223b733a343a2261736466223b733a373a226d657373616765223b733a303a22223b7d733a373a227375726e616d65223b4f3a31313a224f626a656374436c617373223a333a7b733a363a22737461747573223b733a31313a226861732d73756363657373223b733a353a2276616c7565223b733a343a2261736664223b733a373a226d657373616765223b733a303a22223b7d733a353a22656d61696c223b4f3a31313a224f626a656374436c617373223a333a7b733a363a22737461747573223b733a393a226861732d6572726f72223b733a353a2276616c7565223b733a343a2266736164223b733a373a226d657373616765223b733a35333a22506f6c6520656d61696c206d7573c3ad206f627361686f7661742076616c69646ec3ad20656d61696c6f766f75206164726573752e223b7d733a383a22757365726e616d65223b4f3a31313a224f626a656374436c617373223a333a7b733a363a22737461747573223b733a31313a226861732d73756363657373223b733a353a2276616c7565223b733a343a2266617364223b733a373a226d657373616765223b733a303a22223b7d733a383a2270617373776f7264223b4f3a31313a224f626a656374436c617373223a333a7b733a363a22737461747573223b733a393a226861732d6572726f72223b733a353a2276616c7565223b733a303a22223b733a373a226d657373616765223b733a35333a224d696e696dc3a16c6ec3ad20706fc48d6574207a6e616bc5af207620706f6c69206865736c6f206d7573c3ad2062c3bd742020382e223b7d733a373a22636f6e6669726d223b4f3a31313a224f626a656374436c617373223a333a7b733a363a22737461747573223b733a31313a226861732d73756363657373223b733a353a2276616c7565223b733a303a22223b733a373a226d657373616765223b733a303a22223b7d7d5f5f63695f766172737c613a313a7b733a343a2264617461223b733a333a226f6c64223b7d),
('hnf2vhsloq57t58iqm04mj8onkjurosf', '::1', 1545073844, 0x5f5f63695f6c6173745f726567656e65726174657c693a313534353037333834343b646174617c613a363a7b733a343a226e616d65223b4f3a31313a224f626a656374436c617373223a333a7b733a363a22737461747573223b733a303a22223b733a353a2276616c7565223b733a303a22223b733a373a226d657373616765223b733a303a22223b7d733a373a227375726e616d65223b4f3a31313a224f626a656374436c617373223a333a7b733a363a22737461747573223b733a303a22223b733a353a2276616c7565223b733a303a22223b733a373a226d657373616765223b733a303a22223b7d733a353a22656d61696c223b4f3a31313a224f626a656374436c617373223a333a7b733a363a22737461747573223b733a303a22223b733a353a2276616c7565223b733a303a22223b733a373a226d657373616765223b733a303a22223b7d733a383a22757365726e616d65223b4f3a31313a224f626a656374436c617373223a333a7b733a363a22737461747573223b733a303a22223b733a353a2276616c7565223b733a303a22223b733a373a226d657373616765223b733a303a22223b7d733a383a2270617373776f7264223b4f3a31313a224f626a656374436c617373223a333a7b733a363a22737461747573223b733a303a22223b733a353a2276616c7565223b733a303a22223b733a373a226d657373616765223b733a303a22223b7d733a373a22636f6e6669726d223b4f3a31313a224f626a656374436c617373223a333a7b733a363a22737461747573223b733a303a22223b733a353a2276616c7565223b733a303a22223b733a373a226d657373616765223b733a303a22223b7d7d5f5f63695f766172737c613a313a7b733a343a2264617461223b733a333a226e6577223b7d),
('m6ovav2e5uorkgvmba5jq6d5on6q8iff', '::1', 1545074509, 0x5f5f63695f6c6173745f726567656e65726174657c693a313534353037343530393b646174617c613a363a7b733a343a226e616d65223b4f3a31313a224f626a656374436c617373223a333a7b733a363a22737461747573223b733a303a22223b733a353a2276616c7565223b733a303a22223b733a373a226d657373616765223b733a303a22223b7d733a373a227375726e616d65223b4f3a31313a224f626a656374436c617373223a333a7b733a363a22737461747573223b733a303a22223b733a353a2276616c7565223b733a303a22223b733a373a226d657373616765223b733a303a22223b7d733a353a22656d61696c223b4f3a31313a224f626a656374436c617373223a333a7b733a363a22737461747573223b733a303a22223b733a353a2276616c7565223b733a303a22223b733a373a226d657373616765223b733a303a22223b7d733a383a22757365726e616d65223b4f3a31313a224f626a656374436c617373223a333a7b733a363a22737461747573223b733a303a22223b733a353a2276616c7565223b733a303a22223b733a373a226d657373616765223b733a303a22223b7d733a383a2270617373776f7264223b4f3a31313a224f626a656374436c617373223a333a7b733a363a22737461747573223b733a303a22223b733a353a2276616c7565223b733a303a22223b733a373a226d657373616765223b733a303a22223b7d733a373a22636f6e6669726d223b4f3a31313a224f626a656374436c617373223a333a7b733a363a22737461747573223b733a303a22223b733a353a2276616c7565223b733a303a22223b733a373a226d657373616765223b733a303a22223b7d7d5f5f63695f766172737c613a313a7b733a343a2264617461223b733a333a226f6c64223b7d),
('p9ubp3lnq40i98jnje5pg2ktt781pq1m', '::1', 1545075613, 0x5f5f63695f6c6173745f726567656e65726174657c693a313534353037353631333b646174617c613a363a7b733a343a226e616d65223b4f3a31313a224f626a656374436c617373223a333a7b733a363a22737461747573223b733a303a22223b733a353a2276616c7565223b733a303a22223b733a373a226d657373616765223b733a303a22223b7d733a373a227375726e616d65223b4f3a31313a224f626a656374436c617373223a333a7b733a363a22737461747573223b733a303a22223b733a353a2276616c7565223b733a303a22223b733a373a226d657373616765223b733a303a22223b7d733a353a22656d61696c223b4f3a31313a224f626a656374436c617373223a333a7b733a363a22737461747573223b733a303a22223b733a353a2276616c7565223b733a303a22223b733a373a226d657373616765223b733a303a22223b7d733a383a22757365726e616d65223b4f3a31313a224f626a656374436c617373223a333a7b733a363a22737461747573223b733a303a22223b733a353a2276616c7565223b733a303a22223b733a373a226d657373616765223b733a303a22223b7d733a383a2270617373776f7264223b4f3a31313a224f626a656374436c617373223a333a7b733a363a22737461747573223b733a303a22223b733a353a2276616c7565223b733a303a22223b733a373a226d657373616765223b733a303a22223b7d733a373a22636f6e6669726d223b4f3a31313a224f626a656374436c617373223a333a7b733a363a22737461747573223b733a303a22223b733a353a2276616c7565223b733a303a22223b733a373a226d657373616765223b733a303a22223b7d7d5f5f63695f766172737c613a323a7b733a343a2264617461223b733a333a226f6c64223b733a373a226d657373616765223b733a333a226e6577223b7d6d6573736167657c733a34353a22c39ac48d65742062796c20767974766fc599656e2c206dc5afc5be65c5a12073652070c59969686cc3a1736974223b),
('dgrqv3b1jvdvdpvqehkrk8l3da8k9otf', '::1', 1545076559, 0x5f5f63695f6c6173745f726567656e65726174657c693a313534353037363535393b5f5f63695f766172737c613a323a7b733a373a226d657373616765223b733a333a226f6c64223b733a343a2264617461223b733a333a226e6577223b7d6d6573736167657c733a34353a22c39ac48d65742062796c20767974766fc599656e2c206dc5afc5be65c5a12073652070c59969686cc3a1736974223b646174617c613a363a7b733a343a226e616d65223b4f3a31313a224f626a656374436c617373223a333a7b733a363a22737461747573223b733a303a22223b733a353a2276616c7565223b733a303a22223b733a373a226d657373616765223b733a303a22223b7d733a373a227375726e616d65223b4f3a31313a224f626a656374436c617373223a333a7b733a363a22737461747573223b733a303a22223b733a353a2276616c7565223b733a303a22223b733a373a226d657373616765223b733a303a22223b7d733a353a22656d61696c223b4f3a31313a224f626a656374436c617373223a333a7b733a363a22737461747573223b733a303a22223b733a353a2276616c7565223b733a303a22223b733a373a226d657373616765223b733a303a22223b7d733a383a22757365726e616d65223b4f3a31313a224f626a656374436c617373223a333a7b733a363a22737461747573223b733a303a22223b733a353a2276616c7565223b733a303a22223b733a373a226d657373616765223b733a303a22223b7d733a383a2270617373776f7264223b4f3a31313a224f626a656374436c617373223a333a7b733a363a22737461747573223b733a303a22223b733a353a2276616c7565223b733a303a22223b733a373a226d657373616765223b733a303a22223b7d733a373a22636f6e6669726d223b4f3a31313a224f626a656374436c617373223a333a7b733a363a22737461747573223b733a303a22223b733a353a2276616c7565223b733a303a22223b733a373a226d657373616765223b733a303a22223b7d7d),
('o076ltfj8iia3c02o6ht85ls8fprrdh2', '::1', 1545077231, 0x5f5f63695f6c6173745f726567656e65726174657c693a313534353037373233313b),
('vc2060b3lod7tddtenfoe9kf2flg72gj', '::1', 1545077571, 0x5f5f63695f6c6173745f726567656e65726174657c693a313534353037373537313b),
('sd8n16h2rg7ecl9pm8bl69s43ij4ggi0', '::1', 1545078572, 0x5f5f63695f6c6173745f726567656e65726174657c693a313534353037383537323b),
('0okvsu8lmbm6jpkkvcqdlo3129t3oovj', '::1', 1545079086, 0x5f5f63695f6c6173745f726567656e65726174657c693a313534353037393038363b),
('4mjpqam84d4rcirjleovqj8863usohfg', '::1', 1545079388, 0x5f5f63695f6c6173745f726567656e65726174657c693a313534353037393338383b),
('ntb81he7tah8g8i4k63pdihfeithsp2u', '::1', 1545079800, 0x5f5f63695f6c6173745f726567656e65726174657c693a313534353037393830303b),
('03uia9pmee6d5cu77c1kssgq5tlchp3l', '::1', 1545080262, 0x5f5f63695f6c6173745f726567656e65726174657c693a313534353038303236323b),
('lr37h1pik4p7vvgdv359ul76p8lkrr10', '::1', 1545080092, 0x5f5f63695f6c6173745f726567656e65726174657c693a313534353038303039323b),
('vbnmmfah2su2dfqe2k1vc39l0i1nsg0b', '::1', 1545080563, 0x5f5f63695f6c6173745f726567656e65726174657c693a313534353038303536333b),
('82ps0nc5mpque1hpcotvhh72mo4iscrv', '::1', 1545081384, 0x5f5f63695f6c6173745f726567656e65726174657c693a313534353038313338343b),
('vc3oabo9rg1qbq0fjcfednjkqmpn4ufj', '::1', 1545081695, 0x5f5f63695f6c6173745f726567656e65726174657c693a313534353038313639353b),
('tmpi3cunr5bu63diloao7o62pgbehljb', '::1', 1545081867, 0x5f5f63695f6c6173745f726567656e65726174657c693a313534353038313836373b6964656e746974797c733a393a224d6f6e646934343535223b757365726e616d657c733a393a224d6f6e646934343535223b656d61696c7c733a31383a224d6f6e646934343540676d61696c2e636f6d223b757365725f69647c733a313a2234223b6f6c645f6c6173745f6c6f67696e7c733a31303a2231353435303735363731223b6c6173745f636865636b7c693a313534353038313836373b),
('fqi4i412qksrg54meujqv8kaau1mmm2q', '::1', 1545081880, 0x5f5f63695f6c6173745f726567656e65726174657c693a313534353038313836373b6964656e746974797c733a393a224d6f6e646934343535223b757365726e616d657c733a393a224d6f6e646934343535223b656d61696c7c733a31383a224d6f6e646934343540676d61696c2e636f6d223b757365725f69647c733a313a2234223b6f6c645f6c6173745f6c6f67696e7c733a31303a2231353435303735363731223b6c6173745f636865636b7c693a313534353038313836373b);

-- --------------------------------------------------------

--
-- Struktura tabulky `su_groups`
--

CREATE TABLE `su_groups` (
  `id` mediumint(8) UNSIGNED NOT NULL,
  `name` varchar(20) NOT NULL,
  `description` varchar(100) NOT NULL
) ENGINE=InnoDB DEFAULT CHARSET=utf8;

--
-- Vypisuji data pro tabulku `su_groups`
--

INSERT INTO `su_groups` (`id`, `name`, `description`) VALUES
(1, 'admin', 'Administrator'),
(2, 'members', 'General User');

-- --------------------------------------------------------

--
-- Struktura tabulky `su_login_attempts`
--

CREATE TABLE `su_login_attempts` (
  `id` int(11) UNSIGNED NOT NULL,
  `ip_address` varchar(45) NOT NULL,
  `login` varchar(100) NOT NULL,
  `time` int(11) UNSIGNED DEFAULT NULL
) ENGINE=InnoDB DEFAULT CHARSET=utf8;

--
-- Vypisuji data pro tabulku `su_login_attempts`
--

INSERT INTO `su_login_attempts` (`id`, `ip_address`, `login`, `time`) VALUES
(1, '::1', 'administrator', 1545061192),
(2, '::1', 'administrator', 1545061201),
(3, '::1', 'administrator', 1545061437);

-- --------------------------------------------------------

--
-- Struktura tabulky `su_model`
--

CREATE TABLE `su_model` (
  `idModel` int(11) NOT NULL,
  `nazev` varchar(255) COLLATE utf8_czech_ci NOT NULL,
  `pic` varchar(255) COLLATE utf8_czech_ci NOT NULL,
  `karoserie` varchar(11) COLLATE utf8_czech_ci NOT NULL,
  `barva` varchar(11) COLLATE utf8_czech_ci NOT NULL,
  `znacka_idZnacka` int(11) NOT NULL
) ENGINE=InnoDB DEFAULT CHARSET=utf8 COLLATE=utf8_czech_ci;

--
-- Vypisuji data pro tabulku `su_model`
--

INSERT INTO `su_model` (`idModel`, `nazev`, `pic`, `karoserie`, `barva`, `znacka_idZnacka`) VALUES
(1, 'Fabia', 'fabia.png', 'Hatchbag', 'Černá', 1),
(2, 'R8', 'r8.png', 'Coupé', 'černá', 2),
(3, 'Octavia', 'octavia.png', 'sedan', 'bílá', 1),
(4, 'Passat', 'passat.png', 'kombajn', 'černá', 5),
(5, 'Civic Type R', 'civic.png', 'Hatchbag', 'bílá', 6),
(6, '6', '6.png', 'sedan', 'červená', 7),
(7, 'AMG GT-R', 'amggt-r.png', 'Coupé', 'zelená', 4),
(8, 'RS6', 'rs6.png', 'Sportovní k', 'Šedá', 2);

-- --------------------------------------------------------

--
-- Struktura tabulky `su_users`
--

CREATE TABLE `su_users` (
  `id` int(11) UNSIGNED NOT NULL,
  `ip_address` varchar(45) NOT NULL,
  `username` varchar(100) DEFAULT NULL,
  `password` varchar(255) NOT NULL,
  `salt` varchar(255) DEFAULT NULL,
  `email` varchar(254) NOT NULL,
  `activation_code` varchar(40) DEFAULT NULL,
  `forgotten_password_code` varchar(40) DEFAULT NULL,
  `forgotten_password_time` int(11) UNSIGNED DEFAULT NULL,
  `remember_code` varchar(40) DEFAULT NULL,
  `created_on` int(11) UNSIGNED NOT NULL,
  `last_login` int(11) UNSIGNED DEFAULT NULL,
  `active` tinyint(1) UNSIGNED DEFAULT NULL,
  `first_name` varchar(50) DEFAULT NULL,
  `last_name` varchar(50) DEFAULT NULL,
  `company` varchar(100) DEFAULT NULL,
  `phone` varchar(20) DEFAULT NULL
) ENGINE=InnoDB DEFAULT CHARSET=utf8;

--
-- Vypisuji data pro tabulku `su_users`
--

INSERT INTO `su_users` (`id`, `ip_address`, `username`, `password`, `salt`, `email`, `activation_code`, `forgotten_password_code`, `forgotten_password_time`, `remember_code`, `created_on`, `last_login`, `active`, `first_name`, `last_name`, `company`, `phone`) VALUES
(1, '127.0.0.1', 'administrator', '$2a$07$SeBknntpZror9uyftVopmu61qg0ms8Qv1yV6FG.kQOSM.9QhmTo36', '', 'admin@admin.com', '', NULL, NULL, NULL, 1268889823, 1268889823, 1, 'Admin', 'istrator', 'ADMIN', '0'),
(2, '::1', 'borecek', '$2y$08$1.6nze9lrCOqLkOvEuul1O2ozpf1wS5DWoooIfazLGkayCeGp8JMq', NULL, 'Mondi445@seznam.cz', NULL, NULL, NULL, NULL, 1545062458, NULL, 1, 'Borec', 'Borcovitý', NULL, NULL),
(3, '::1', 'Mondi445', '$2y$08$IDYW4i5aNaLeeeXd3eKwCODLZgNUIwdpUVfWmEaKaUiv6S45LPdbO', NULL, 'Mondi445@gmail.com', NULL, NULL, NULL, NULL, 1545074542, NULL, 1, 'Dominik', 'Rýc', NULL, NULL),
(4, '::1', 'Mondi4455', '$2y$08$3x9Sq/ULmuA2SKHClQCyFuCRhviYgHJqxaOy0HJi1W.zvYsTY2sZe', 'zmxyQ2ZYGewiOv9w6Sm.xe', 'Mondi445@gmail.com', NULL, NULL, NULL, NULL, 1545075660, 1545081867, 1, 'Dominik', 'Rýc', NULL, NULL);

-- --------------------------------------------------------

--
-- Struktura tabulky `su_users_groups`
--

CREATE TABLE `su_users_groups` (
  `id` int(11) UNSIGNED NOT NULL,
  `user_id` int(11) UNSIGNED NOT NULL,
  `group_id` mediumint(8) UNSIGNED NOT NULL
) ENGINE=InnoDB DEFAULT CHARSET=utf8;

--
-- Vypisuji data pro tabulku `su_users_groups`
--

INSERT INTO `su_users_groups` (`id`, `user_id`, `group_id`) VALUES
(1, 1, 1),
(2, 1, 2),
(4, 3, 2),
(5, 4, 2);

-- --------------------------------------------------------

--
-- Struktura tabulky `su_znacka`
--

CREATE TABLE `su_znacka` (
  `idZnacka` int(11) NOT NULL,
  `nazevZnacky` varchar(255) COLLATE utf8_czech_ci NOT NULL
) ENGINE=InnoDB DEFAULT CHARSET=utf8 COLLATE=utf8_czech_ci;

--
-- Vypisuji data pro tabulku `su_znacka`
--

INSERT INTO `su_znacka` (`idZnacka`, `nazevZnacky`) VALUES
(1, 'Škoda'),
(2, 'Audi'),
(3, 'BMW'),
(4, 'Mercedes-Benz'),
(5, 'Volkswagen'),
(6, 'Honda'),
(7, 'Mazda');

--
-- Klíče pro exportované tabulky
--

--
-- Klíče pro tabulku `su_ci_session`
--
ALTER TABLE `su_ci_session`
  ADD KEY `ci_sessions_timestamp` (`timestamp`);

--
-- Klíče pro tabulku `su_groups`
--
ALTER TABLE `su_groups`
  ADD PRIMARY KEY (`id`);

--
-- Klíče pro tabulku `su_login_attempts`
--
ALTER TABLE `su_login_attempts`
  ADD PRIMARY KEY (`id`);

--
-- Klíče pro tabulku `su_model`
--
ALTER TABLE `su_model`
  ADD PRIMARY KEY (`idModel`),
  ADD KEY `fk_su_model_su_znacka1_idx` (`znacka_idZnacka`);

--
-- Klíče pro tabulku `su_users`
--
ALTER TABLE `su_users`
  ADD PRIMARY KEY (`id`);

--
-- Klíče pro tabulku `su_users_groups`
--
ALTER TABLE `su_users_groups`
  ADD PRIMARY KEY (`id`),
  ADD KEY `fk_users_groups_users1_idx` (`user_id`),
  ADD KEY `fk_users_groups_groups1_idx` (`group_id`);

--
-- Klíče pro tabulku `su_znacka`
--
ALTER TABLE `su_znacka`
  ADD PRIMARY KEY (`idZnacka`);

--
-- AUTO_INCREMENT pro tabulky
--

--
-- AUTO_INCREMENT pro tabulku `su_groups`
--
ALTER TABLE `su_groups`
  MODIFY `id` mediumint(8) UNSIGNED NOT NULL AUTO_INCREMENT, AUTO_INCREMENT=3;

--
-- AUTO_INCREMENT pro tabulku `su_login_attempts`
--
ALTER TABLE `su_login_attempts`
  MODIFY `id` int(11) UNSIGNED NOT NULL AUTO_INCREMENT, AUTO_INCREMENT=4;

--
-- AUTO_INCREMENT pro tabulku `su_model`
--
ALTER TABLE `su_model`
  MODIFY `idModel` int(11) NOT NULL AUTO_INCREMENT, AUTO_INCREMENT=9;

--
-- AUTO_INCREMENT pro tabulku `su_users`
--
ALTER TABLE `su_users`
  MODIFY `id` int(11) UNSIGNED NOT NULL AUTO_INCREMENT, AUTO_INCREMENT=5;

--
-- AUTO_INCREMENT pro tabulku `su_users_groups`
--
ALTER TABLE `su_users_groups`
  MODIFY `id` int(11) UNSIGNED NOT NULL AUTO_INCREMENT, AUTO_INCREMENT=6;

--
-- AUTO_INCREMENT pro tabulku `su_znacka`
--
ALTER TABLE `su_znacka`
  MODIFY `idZnacka` int(11) NOT NULL AUTO_INCREMENT, AUTO_INCREMENT=8;

--
-- Omezení pro exportované tabulky
--

--
-- Omezení pro tabulku `su_model`
--
ALTER TABLE `su_model`
  ADD CONSTRAINT `fk_su_model_su_znacka1` FOREIGN KEY (`znacka_idZnacka`) REFERENCES `su_znacka` (`idZnacka`) ON DELETE NO ACTION ON UPDATE NO ACTION;

--
-- Omezení pro tabulku `su_users_groups`
--
ALTER TABLE `su_users_groups`
  ADD CONSTRAINT `fk_users_groups_groups1` FOREIGN KEY (`group_id`) REFERENCES `su_groups` (`id`) ON DELETE CASCADE ON UPDATE NO ACTION,
  ADD CONSTRAINT `fk_users_groups_users1` FOREIGN KEY (`user_id`) REFERENCES `su_users` (`id`) ON DELETE CASCADE ON UPDATE NO ACTION;
COMMIT;

/*!40101 SET CHARACTER_SET_CLIENT=@OLD_CHARACTER_SET_CLIENT */;
/*!40101 SET CHARACTER_SET_RESULTS=@OLD_CHARACTER_SET_RESULTS */;
/*!40101 SET COLLATION_CONNECTION=@OLD_COLLATION_CONNECTION */;
