<?xml version="1.0" encoding="UTF-8"?>
<project-private xmlns="http://www.netbeans.org/ns/project-private/1">
    <editor-bookmarks xmlns="http://www.netbeans.org/ns/editor-bookmarks/2" lastBookmarkId="0"/>
    <open-files xmlns="http://www.netbeans.org/ns/projectui-open-files/2">
        <group>
            <file>file:/C:/xampp/htdocs/vavra/skolniUkol/application/views/smazatModel.php</file>
            <file>file:/C:/xampp/htdocs/vavra/skolniUkol/application/controllers/Administrace.php</file>
            <file>file:/C:/xampp/htdocs/vavra/skolniUkol/application/views/editace.php</file>
            <file>file:/C:/xampp/htdocs/vavra/skolniUkol/application/controllers/Neprihlasen.php</file>
            <file>file:/C:/xampp/htdocs/vavra/skolniUkol/application/views/editovatModel.php</file>
            <file>file:/C:/xampp/htdocs/vavra/skolniUkol/application/config/routes.php</file>
            <file>file:/C:/xampp/htdocs/vavra/skolniUkol/application/views/editovatZnacku.php</file>
            <file>file:/C:/xampp/htdocs/vavra/skolniUkol/application/views/znacky.php</file>
            <file>file:/C:/xampp/htdocs/vavra/skolniUkol/application/views/smazatZnacku.php</file>
            <file>file:/C:/xampp/htdocs/vavra/skolniUkol/application/models/Model.php</file>
        </group>
    </open-files>
</project-private>
