<?xml version="1.0" encoding="UTF-8"?>
<project-private xmlns="http://www.netbeans.org/ns/project-private/1">
    <editor-bookmarks xmlns="http://www.netbeans.org/ns/editor-bookmarks/2" lastBookmarkId="0"/>
    <open-files xmlns="http://www.netbeans.org/ns/projectui-open-files/2">
        <group>
            <file>file:/C:/xampp/htdocs/skolniUkol/application/views/layout/layout_main.php</file>
            <file>file:/C:/xampp/htdocs/skolniUkol/assets/styles/style.css</file>
            <file>file:/C:/xampp/htdocs/skolniUkol/application/views/modely.php</file>
            <file>file:/C:/xampp/htdocs/skolniUkol/application/views/znacky.php</file>
        </group>
    </open-files>
</project-private>
